{
    "mse": 1015022925.2715023,
    "rmse": 31859.42443409018,
    "mae": 26294.646248376335,
    "r2": 0.3785590954111978
}