{
    "k": 10,
    "mean_mse": 1020905897.5066383,
    "mean_rmse": 31950.837494974265,
    "mean_mae": 26380.421350272452,
    "mean_r2": 0.37446640813118676,
    "best_fold": 4,
    "best_fold_mse": 992591646.6154854
}