{
    "mse": 1036811868.683169,
    "rmse": 32199.5631753471,
    "mae": 26551.29983664157,
    "r2": 0.36521896252685093
}