{
    "k": 10,
    "mean_mse": 1039070902.6581814,
    "mean_rmse": 32233.752601446984,
    "mean_mae": 26580.813574846565,
    "mean_r2": 0.3633373252872327,
    "best_fold": 4,
    "best_fold_mse": 1017799655.5941631
}